"Rank","WSID","Overall","Team","Pos","Bye","Best","Worst","Avg","Std Dev","ADP","vs. ADP"
"1","","Todd Gurley","LAR","RB1","12","1","6","2.1","1.2","1.0","0.0"
"2","","Le'Veon Bell","PIT","RB2","7","1","8","2.1","1.3","2.0","0.0"
"3","","David Johnson","ARI","RB3","9","1","11","3.8","2.1","3.0","0.0"
"4","","Antonio Brown","PIT","WR1","7","1","11","4.3","1.7","5.0","+1.0"
"5","","Ezekiel Elliott","DAL","RB4","8","1","15","5.3","2.7","4.0","-1.0"
"6","","DeAndre Hopkins","HOU","WR2","10","1","16","7.5","2.4","8.0","+2.0"
"7","","Alvin Kamara","NO","RB5","6","2","22","7.8","3.9","6.0","-1.0"
"8","","Odell Beckham Jr.","NYG","WR3","9","3","16","8.7","2.5","11.0","+3.0"
"9","","Saquon Barkley","NYG","RB6","9","3","23","9.5","4.0","7.0","-2.0"
"10","","Julio Jones","ATL","WR4","8","2","20","10.4","2.8","13.0","+3.0"
"11","","Michael Thomas","NO","WR5","6","3","20","11.9","3.0","15.0","+4.0"
"12","","Keenan Allen","LAC","WR6","8","5","22","12.9","3.4","17.0","+5.0"
"13","","Melvin Gordon","LAC","RB7","8","5","33","13.5","5.8","10.0","-3.0"
"14","","Kareem Hunt","KC","RB8","12","6","33","14.9","5.4","9.0","-5.0"
"15","","A.J. Green","CIN","WR7","9","10","29","16.1","3.2","19.0","+4.0"
"16","","Davante Adams","GB","WR8","7","9","28","16.7","3.9","18.0","+2.0"
"17","","Leonard Fournette","JAC","RB9","9","7","51","18.0","7.3","12.0","-5.0"
"18","","Christian McCaffrey","CAR","RB10","4","6","73","18.5","9.0","16.0","-2.0"
"19","","Dalvin Cook","MIN","RB11","10","8","39","19.9","6.2","14.0","-5.0"
"20","","Mike Evans","TB","WR9","5","12","45","23.2","5.7","22.0","+2.0"
"21","","Rob Gronkowski","NE","TE1","11","14","53","23.3","7.0","21.0","0.0"
"22","","Devonta Freeman","ATL","RB12","8","13","71","25.2","8.9","20.0","-2.0"
"23","","T.Y. Hilton","IND","WR10","9","13","59","25.5","6.7","29.0","+6.0"
"24","","Larry Fitzgerald","ARI","WR11","9","3","74","27.5","8.9","33.0","+9.0"
"25","","Adam Thielen","MIN","WR12","10","15","84","27.7","9.2","30.0","+5.0"
"26","","Travis Kelce","KC","TE2","12","17","51","27.8","7.7","27.0","+1.0"
"27","","Doug Baldwin","SEA","WR13","7","15","49","28.0","6.3","34.0","+7.0"
"28","","Stefon Diggs","MIN","WR14","10","16","83","29.3","8.6","31.0","+3.0"
"29","","Jerick McKinnon","SF","RB13","11","16","78","29.4","12.4","25.0","-4.0"
"30","","Joe Mixon","CIN","RB14","9","14","77","31.2","9.4","23.0","-7.0"
"31","","Tyreek Hill","KC","WR15","12","19","76","32.5","7.9","28.0","-3.0"
"32","","Jordan Howard","CHI","RB15","5","21","78","34.5","8.3","24.0","-8.0"
"33","","Amari Cooper","OAK","WR16","7","15","91","34.9","11.6","36.0","+3.0"
"34","","Demaryius Thomas","DEN","WR17","10","14","90","35.9","9.6","41.0","+7.0"
"35","","Zach Ertz","PHI","TE3","9","14","74","36.4","9.3","35.0","0.0"
"36","","Golden Tate","DET","WR18","6","23","82","37.1","8.8","46.0","+10.0"
"37","","Jarvis Landry","CLE","WR19","11","20","75","37.3","10.2","38.0","+1.0"
"38","","LeSean McCoy","BUF","RB16","11","16","106","38.2","17.1","26.0","-12.0"
"39","","Aaron Rodgers","GB","QB1","7","29","73","38.8","7.2","32.0","-7.0"
"40","","Allen Robinson","CHI","WR20","5","20","130","42.3","14.4","45.0","+5.0"
"41","","Alex Collins","BAL","RB17","10","21","83","43.5","11.5","40.0","-1.0"
"42","","Kenyan Drake","MIA","RB18","11","17","103","46.5","15.6","37.0","-5.0"
"43","","JuJu Smith-Schuster","PIT","WR21","7","28","92","47.0","11.0","42.0","-1.0"
"44","","Russell Wilson","SEA","QB2","7","32","88","51.7","12.7","54.0","+10.0"
"45","","Marvin Jones","DET","WR22","6","34","91","52.8","11.0","53.0","+8.0"
"46","","Tom Brady","NE","QB3","11","28","82","53.4","11.4","51.0","+5.0"
"47","","Brandin Cooks","LAR","WR23","12","25","109","52.0","13.7","44.0","-3.0"
"48","","Josh Gordon","CLE","WR24","11","19","121","55.4","17.6","49.0","+1.0"
"49","","Jay Ajayi","PHI","RB19","9","19","113","54.9","15.0","43.0","-6.0"
"50","","Lamar Miller","HOU","RB20","10","30","104","55.2","15.5","50.0","0.0"
"51","","Corey Davis","TEN","WR25","8","25","123","57.6","16.2","61.0","+10.0"
"52","","Dion Lewis","TEN","RB21","8","28","104","58.0","15.2","56.0","+4.0"
"53","","Cam Newton","CAR","QB4","4","34","94","58.4","13.3","63.0","+10.0"
"54","","Royce Freeman","DEN","RB22","10","25","109","58.3","16.0","47.0","-7.0"
"55","","Deshaun Watson","HOU","QB5","10","32","93","60.0","12.4","48.0","-7.0"
"56","","Chris Hogan","NE","WR26","11","31","124","58.8","18.6","59.0","+3.0"
"57","","Greg Olsen","CAR","TE4","4","18","120","61.5","15.0","57.0","0.0"
"58","","Michael Crabtree","BAL","WR27","10","28","128","60.0","18.2","65.0","+7.0"
"59","","Alshon Jeffery","PHI","WR28","9","29","139","60.5","18.7","58.0","-1.0"
"60","","Derrick Henry","TEN","RB23","8","34","113","61.3","16.3","39.0","-21.0"
"61","","Mark Ingram","NO","RB24","6","35","140","63.7","17.7","52.0","-9.0"
"62","","Emmanuel Sanders","DEN","WR29","10","42","123","67.4","16.7","78.0","+16.0"
"63","","Drew Brees","NO","QB6","6","46","107","70.1","14.0","76.0","+13.0"
"64","","Evan Engram","NYG","TE5","9","27","129","70.4","16.2","60.0","-4.0"
"65","","Delanie Walker","TEN","TE6","8","48","114","71.2","12.9","73.0","+8.0"
"66","","Sammy Watkins","KC","WR30","12","38","113","68.3","16.0","74.0","+8.0"
"67","","Jimmy Graham","GB","TE7","7","27","128","72.2","17.2","55.0","-12.0"
"68","","Jamison Crowder","WAS","WR31","4","43","112","70.7","16.3","89.0","+21.0"
"69","","Rex Burkhead","NE","RB25","11","33","158","73.8","26.9","71.0","+2.0"
"70","","Marquise Goodwin","SF","WR32","11","30","125","74.6","19.7","68.0","-2.0"
"71","","Pierre Garcon","SF","WR33","11","36","114","74.0","16.7","90.0","+19.0"
"72","","Carson Wentz","PHI","QB7","9","35","156","77.1","20.9","70.0","-2.0"
"73","","Cooper Kupp","LAR","WR34","12","46","114","76.0","14.0","88.0","+15.0"
"74","","Randall Cobb","GB","WR35","7","40","128","76.4","20.0","92.0","+18.0"
"75","","Kyle Rudolph","MIN","TE8","10","18","133","79.0","18.5","80.0","+5.0"
"76","","Tevin Coleman","ATL","RB26","8","35","145","76.2","20.8","67.0","-9.0"
"77","","Robert Woods","LAR","WR36","12","39","132","76.8","17.0","83.0","+6.0"
"78","","Robby Anderson","NYJ","WR37","11","39","186","78.8","20.0","95.0","+17.0"
"79","","Marshawn Lynch","OAK","RB27","7","43","133","79.5","17.9","64.0","-15.0"
"80","","Kirk Cousins","MIN","QB8","10","46","117","81.1","17.3","94.0","+14.0"
"81","","Chris Thompson","WAS","RB28","4","39","215","78.9","26.1","79.0","-2.0"
"82","","Kerryon Johnson","DET","RB29","6","27","164","82.5","24.0","69.0","-13.0"
"83","","Duke Johnson","CLE","RB30","11","35","186","84.4","26.8","85.0","+2.0"
"84","","Andrew Luck","IND","QB9","9","41","180","87.1","21.7","91.0","+7.0"
"85","","Devin Funchess","CAR","WR38","4","44","191","84.3","19.3","84.0","-1.0"
"86","","Matthew Stafford","DET","QB10","6","54","152","89.3","17.7","99.0","+13.0"
"87","","Julian Edelman","NE","WR39","11","50","211","87.5","22.4","72.0","-15.0"
"88","","Tarik Cohen","CHI","RB31","5","45","142","85.3","20.4","82.0","-6.0"
"89","","Sony Michel","NE","RB32","11","42","162","89.5","23.1","77.0","-12.0"
"90","","Trey Burton","CHI","TE9","5","27","200","93.4","24.7","96.0","+6.0"
"91","","Jordan Reed","WAS","TE10","4","25","166","94.2","20.4","87.0","-4.0"
"92","","Will Fuller","HOU","WR40","10","63","147","91.8","16.2","75.0","-17.0"
"93","","Rashaad Penny","SEA","RB33","7","41","175","92.3","26.3","66.0","-27.0"
"94","","Nelson Agholor","PHI","WR41","9","54","160","91.4","17.6","105.0","+11.0"
"95","","Jordy Nelson","OAK","WR42","7","44","149","93.5","17.8","93.0","-2.0"
"96","","Carlos Hyde","CLE","RB34","11","44","146","96.5","24.0","81.0","-15.0"
"97","","Ben Roethlisberger","PIT","QB11","7","53","150","99.5","16.4","104.0","+7.0"
"98","","Sterling Shepard","NYG","WR43","9","65","167","99.3","19.5","106.0","+8.0"
"99","","Jack Doyle","IND","TE11","9","63","142","100.6","16.2","107.0","+8.0"
"100","","Kenny Stills","MIA","WR44","11","46","252","97.9","27.7","120.0","+20.0"
"101","","Philip Rivers","LAC","QB12","8","62","173","104.7","20.5","110.0","+9.0"
"102","","Isaiah Crowell","NYJ","RB35","11","60","162","100.9","21.6","86.0","-16.0"
"103","","Kelvin Benjamin","BUF","WR45","11","66","200","102.6","18.2","102.0","-1.0"
"104","","Jimmy Garoppolo","SF","QB13","11","47","155","106.7","20.9","101.0","-3.0"
"105","","Jamaal Williams","GB","RB36","7","46","170","103.1","27.1","97.0","-8.0"
"106","","Ronald Jones II","TB","RB37","5","38","191","108.0","29.6","62.0","-44.0"
"107","","Chris Carson","SEA","RB38","7","19","239","110.5","32.0","100.0","-7.0"
"108","","Marlon Mack","IND","RB39","9","53","169","108.5","24.4","98.0","-10.0"
"109","","Devante Parker","MIA","WR46","11","44","182","108.8","26.7","103.0","-6.0"
"110","","Matt Ryan","ATL","QB14","8","62","183","114.3","22.6","108.0","-2.0"
"111","","David Njoku","CLE","TE12","11","80","150","115.9","16.7","112.0","+1.0"
"112","","Marqise Lee","JAC","WR47","9","60","166","109.7","17.9","124.0","+12.0"
"113","","George Kittle","SF","TE13","11","68","202","117.8","22.8","128.0","+15.0"
"114","","Patrick Mahomes","KC","QB15","12","56","196","121.4","22.7","118.0","+4.0"
"115","","Jared Goff","LAR","QB16","12","69","183","123.2","20.9","116.0","+1.0"
"116","","James White","NE","RB40","11","61","217","117.8","29.8","117.0","+1.0"
"117","","Marcus Mariota","TEN","QB17","8","55","188","125.8","22.3","125.0","+8.0"
"118","","Allen Hurns","DAL","WR48","8","48","238","115.8","27.1","121.0","+3.0"
"119","","Ty Montgomery","GB","RB41","7","40","182","120.1","26.4","114.0","-5.0"
"120","","Giovani Bernard","CIN","RB42","9","71","256","124.6","27.3","132.0","+12.0"
"121","","D.J. Moore","CAR","WR49","4","72","227","123.5","25.0","119.0","-2.0"
"122","","C.J. Anderson","CAR","RB43","4","58","193","127.0","27.0","115.0","-7.0"
"123","","Alex Smith","WAS","QB18","4","50","182","131.4","23.3","129.0","+6.0"
"124","","Rishard Matthews","TEN","WR50","8","34","231","126.9","30.8","155.0","+31.0"
"125","","Kenny Golladay","DET","WR51","6","85","247","130.3","28.4","146.0","+21.0"
"126","","O.J. Howard","TB","TE14","5","69","232","138.2","26.0","147.0","+21.0"
"127","","Charles Clay","BUF","TE15","11","79","188","136.5","20.7","179.0","+52.0"
"128","","Dak Prescott","DAL","QB19","8","76","204","138.3","24.1","135.0","+7.0"
"129","","Tyler Eifert","CIN","TE16","9","82","221","138.2","25.2","138.0","+9.0"
"130","","Josh Doctson","WAS","WR52","4","81","248","130.3","24.9","144.0","+14.0"
"131","","Cameron Meredith","NO","WR53","6","74","258","132.5","30.8","126.0","-5.0"
"132","","Peyton Barber","TB","RB44","5","61","218","131.7","31.5","136.0","+4.0"
"133","","Theo Riddick","DET","RB45","6","70","260","134.4","28.8","145.0","+12.0"
"134","","Devontae Booker","DEN","RB46","10","70","260","136.1","30.7","137.0","+3.0"
"135","","Aaron Jones","GB","RB47","7","51","225","138.2","29.7","109.0","-26.0"
"136","","Bilal Powell","NYJ","RB48","11","63","192","134.2","27.5","159.0","+23.0"
"137","","Tyler Lockett","SEA","WR54","7","79","221","133.6","30.1","154.0","+17.0"
"138","","Mike Williams","LAC","WR55","8","68","233","137.0","36.2","133.0","-5.0"
"139","","Jacksonville (JAC)","","DST1","9","75","260","140.5","24.9","111.0","-28.0"
"140","","Cameron Brate","TB","TE17","5","76","203","146.7","21.8","165.0","+25.0"
"141","","Eric Ebron","IND","TE18","9","59","267","146.1","26.5","205.0","+64.0"
"142","","Jared Cook","OAK","TE19","7","80","232","146.4","22.0","184.0","+42.0"
"143","","Nick Chubb","CLE","RB49","11","94","232","143.6","25.9","113.0","-30.0"
"144","","Anthony Miller","CHI","WR56","5","93","245","142.9","32.9","151.0","+7.0"
"145","","Calvin Ridley","ATL","WR57","8","75","238","142.1","30.6","123.0","-22.0"
"146","","Minnesota (MIN)","","DST2","10","78","262","148.2","25.0","130.0","-16.0"
"147","","Derek Carr","OAK","QB20","7","71","211","155.0","24.5","139.0","-8.0"
"148","","Corey Clement","PHI","RB50","9","86","274","146.5","31.9","143.0","-5.0"
"149","","Michael Gallup","DAL","WR58","8","76","214","139.7","32.4","141.0","-8.0"
"150","","DeSean Jackson","TB","WR59","5","107","241","146.5","31.6","171.0","+21.0"
"151","","Mohamed Sanu","ATL","WR60","8","63","263","148.0","41.3","161.0","+10.0"
"152","","Matt Breida","SF","RB51","11","35","244","150.7","30.4","158.0","+6.0"
"153","","Blake Bortles","JAC","QB21","9","61","210","157.0","25.7","181.0","+28.0"
"154","","Philadelphia (PHI)","","DST3","9","81","282","156.6","26.4","131.0","-23.0"
"155","","Chris Godwin","TB","WR61","5","102","215","146.2","30.9","172.0","+17.0"
"156","","Los Angeles (LAR)","","DST4","12","83","261","156.8","27.2","122.0","-34.0"
"157","","Mitch Trubisky","CHI","QB22","5","85","220","159.6","22.8","163.0","+6.0"
"158","","Austin Seferian-Jenkins","JAC","TE20","9","103","222","155.8","25.8","164.0","+6.0"
"159","","Benjamin Watson","NO","TE21","6","112","278","162.6","33.4","195.0","+36.0"
"160","","Nyheim Hines","IND","RB52","9","94","261","157.6","33.7","148.0","-12.0"
"161","","Eli Manning","NYG","QB23","9","95","218","162.8","22.6","182.0","+21.0"
"162","","Ricky Seals-Jones","ARI","TE22","9","72","261","162.7","30.0","228.0","+66.0"
"163","","Tyrell Williams","LAC","WR62","8","86","264","152.6","36.9","191.0","+28.0"
"164","","Dez Bryant","FA","WR63","","48","244","144.8","41.2","149.0","-15.0"
"165","","Los Angeles (LAC)","","DST5","8","91","286","163.1","27.9","152.0","-13.0"
"166","","Paul Richardson","WAS","WR64","4","103","263","155.8","34.7","168.0","+2.0"
"167","","Latavius Murray","MIN","RB53","10","97","231","162.0","25.3","142.0","-25.0"
"168","","Houston (HOU)","","DST6","10","96","290","165.9","26.4","153.0","-15.0"
"169","","Austin Hooper","ATL","TE23","8","89","265","166.1","30.7","174.0","+5.0"
"170","","Case Keenum","DEN","QB24","10","68","227","168.1","26.2","192.0","+22.0"
"171","","Denver (DEN)","","DST7","10","88","267","166.6","23.3","169.0","-2.0"
"172","","John Brown","BAL","WR65","10","90","254","161.5","43.0","178.0","+6.0"
"173","","Andy Dalton","CIN","QB25","9","111","275","174.3","27.3","194.0","+21.0"
"174","","Samaje Perine","WAS","RB54","4","85","271","161.0","41.9","170.0","-4.0"
"175","","Baltimore (BAL)","","DST8","10","86","291","172.9","26.1","156.0","-19.0"
"176","","Stephen Gostkowski","NE","K1","11","92","313","171.2","28.6","134.0","-42.0"
"177","","Vance McDonald","PIT","TE24","7","101","246","174.9","30.3","210.0","+33.0"
"178","","Jordan Wilkins","IND","RB55","9","80","265","166.3","39.5","167.0","-11.0"
"179","","Ted Ginn","NO","WR66","6","101","274","167.8","37.3","187.0","+8.0"
"180","","Jameis Winston","TB","QB26","5","106","229","175.8","25.5","166.0","-14.0"
"181","","Austin Ekeler","LAC","RB56","8","89","273","171.2","36.8","188.0","+7.0"
"182","","D'Onta Foreman","HOU","RB57","10","106","261","169.8","32.7","150.0","-32.0"
"183","","Justin Tucker","BAL","K2","10","93","317","174.8","29.0","140.0","-43.0"
"184","","Frank Gore","MIA","RB58","11","116","237","171.4","25.2","221.0","+37.0"
"185","","Greg Zuerlein","LAR","K3","12","94","311","176.1","28.6","127.0","-58.0"
"186","","Mike Gesicki","MIA","TE25","11","114","289","176.3","33.4","190.0","+4.0"
"187","","Javorius Allen","BAL","RB59","10","88","269","175.7","38.5","206.0","+19.0"
"188","","Dede Westbrook","JAC","WR67","9","82","251","169.4","41.4","177.0","-11.0"
"189","","John Ross","CIN","WR68","9","43","289","176.7","47.0","212.0","+23.0"
"190","","Doug Martin","OAK","RB60","7","121","263","173.6","30.8","162.0","-28.0"
"191","","Robert Kelley","WAS","RB61","4","106","280","171.5","42.7","160.0","-31.0"
"192","","Tyrod Taylor","CLE","QB27","11","94","249","179.6","31.1","175.0","-17.0"
"193","","Danny Amendola","MIA","WR69","11","89","256","172.4","37.4","180.0","-13.0"
"194","","Hayden Hurst","BAL","TE26","10","97","284","177.9","40.5","176.0","-18.0"
"195","","T.J. Yeldon","JAC","RB62","9","105","268","180.5","34.8","216.0","+21.0"
"196","","Matt Bryant","ATL","K4","8","97","363","183.8","34.4","204.0","+8.0"
"197","","Ryan Grant","IND","WR70","9","106","269","175.3","44.3","282.0","+85.0"
"198","","LeGarrette Blount","DET","RB63","6","96","269","182.0","33.2","157.0","-41.0"
"199","","Christian Kirk","ARI","WR71","9","101","250","176.3","35.5","189.0","-10.0"
"200","","Keelan Cole","JAC","WR72","9","100","274","180.1","46.0","185.0","-15.0"
"201","","Martavis Bryant","OAK","WR73","7","97","267","177.2","39.2","173.0","-28.0"
"202","","New Orleans (NO)","","DST9","6","101","295","185.8","27.2","201.0","-1.0"
"203","","Cole Beasley","DAL","WR74","8","88","274","175.8","41.6","248.0","+45.0"
"204","","Geronimo Allison","GB","WR75","7","89","249","174.4","38.6","199.0","-5.0"
"205","","Ryan Tannehill","MIA","QB28","11","71","329","191.4","32.4","220.0","+15.0"
"206","","Taywan Taylor","TEN","WR76","8","87","279","181.5","56.5","217.0","+11.0"
"207","","Darren Sproles","PHI","RB64","9","122","264","185.1","34.5","253.0","+46.0"
"208","","Wil Lutz","NO","K5","6","100","361","188.7","31.6","196.0","-12.0"
"209","","Seattle (SEA)","","DST10","7","110","347","192.5","36.2","247.0","+38.0"
"210","","Kenneth Dixon","BAL","RB65","10","115","279","183.2","36.6","236.0","+26.0"
"211","","Quincy Enunwa","NYJ","WR77","11","101","276","187.4","41.5","252.0","+41.0"
"212","","New England (NE)","","DST11","11","105","306","189.9","25.3","186.0","-26.0"
"213","","Chris Ivory","BUF","RB66","11","119","278","187.1","33.3","232.0","+19.0"
"214","","Carolina (CAR)","","DST12","4","108","304","191.7","25.7","198.0","-16.0"
"215","","Pittsburgh (PIT)","","DST13","7","103","321","192.3","26.6","203.0","-12.0"
"216","","Donte Moncrief","JAC","WR78","9","81","307","191.3","46.9","239.0","+23.0"
"217","","Courtland Sutton","DEN","WR79","10","107","269","194.4","42.1","211.0","-6.0"
"218","","Mike Wallace","PHI","WR80","9","106","279","193.9","40.8","249.0","+31.0"
"219","","Jake Elliott","PHI","K6","9","104","550","203.0","55.3","197.0","-22.0"
"220","","James Washington","PIT","WR81","7","109","272","197.7","44.9","202.0","-18.0"
"221","","Matt Prater","DET","K7","6","109","328","197.9","30.2","224.0","+3.0"
"222","","Corey Coleman","BUF","WR82","11","103","261","191.7","39.8","258.0","+36.0"
"223","","Kansas City (KC)","","DST14","12","119","360","201.6","35.3","235.0","+12.0"
"224","","Adrian Peterson","WAS","RB67","4","95","317","202.4","67.2","183.0","-41.0"
"225","","Chicago (CHI)","","DST15","5","123","302","199.4","26.6","233.0","+8.0"
"226","","Kalen Ballage","MIA","RB68","11","99","469","207.8","71.0","231.0","+5.0"
"227","","Spencer Ware","KC","RB69","12","131","250","198.7","35.3","227.0","0.0"
"228","","Dan Bailey","DAL","K8","8","112","362","201.6","34.8","207.0","-21.0"
"229","","Jermaine Kearse","NYJ","WR83","11","95","276","204.9","41.3","241.0","+12.0"
"230","","Atlanta (ATL)","","DST16","8","127","356","202.7","30.5","275.0","+45.0"
"231","","Chris Boswell","PIT","K9","7","117","370","203.4","32.6","193.0","-38.0"
"232","","Albert Wilson","MIA","WR84","11","123","280","206.7","40.5","273.0","+41.0"
"233","","Wayne Gallman","NYG","RB70","9","120","336","207.4","46.0","312.0","+79.0"
"234","","Joe Flacco","BAL","QB29","10","102","280","206.4","32.3","246.0","+12.0"
"235","","Arizona (ARI)","","DST17","9","126","320","206.0","29.6","226.0","-9.0"
"236","","Corey Grant","JAC","RB71","9","53","282","216.4","55.7","302.0","+66.0"
"237","","Jeremy Hill","NE","RB72","11","79","514","227.1","76.8","225.0","-12.0"
"238","","Harrison Butker","KC","K10","12","118","371","205.2","32.6","200.0","-38.0"
"239","","Mason Crosby","GB","K11","7","121","367","207.2","32.8","213.0","-26.0"
"240","","Jake Butt","DEN","TE27","10","99","296","214.7","43.7","263.0","+23.0"
"241","","Luke Willson","DET","TE28","6","153","295","210.9","39.2","291.0","+50.0"
"242","","Dante Pettis","SF","WR85","11","110","371","214.4","50.6","256.0","+14.0"
"243","","Brandon Marshall","SEA","WR86","7","137","287","210.2","40.4","283.0","+40.0"
"244","","Vernon Davis","WAS","TE29","4","129","268","212.8","33.1","284.0","+40.0"
"245","","Terrance Williams","DAL","WR87","8","111","284","212.7","39.7","245.0","0.0"
"246","","Jordan Matthews","FA","WR88","","119","411","235.8","72.7","234.0","-12.0"
"247","","Sam Bradford","ARI","QB30","9","143","476","216.5","49.5","266.0","+19.0"
"248","","Tennessee (TEN)","","DST18","8","111","357","218.8","43.0","215.0","-33.0"
"249","","C.J. Prosise","SEA","RB73","7","137","283","229.1","44.7","288.0","+39.0"
"250","","Robbie Gould","SF","K12","11","124","372","210.7","35.4","223.0","-27.0"
"251","","Green Bay (GB)","","DST19","7","148","358","219.3","35.1","281.0","+30.0"
"252","","Graham Gano","CAR","K13","4","122","387","216.8","35.7","237.0","-15.0"
"253","","Terrelle Pryor","NYJ","WR89","11","120","278","220.3","39.5","251.0","-2.0"
"254","","Chase Edmonds","ARI","RB74","9","128","275","221.1","41.6","257.0","+3.0"
"255","","Willie Snead","BAL","WR90","10","132","301","225.2","39.9","268.0","+13.0"
"256","","Ryan Succop","TEN","K14","8","125","389","217.4","41.6","264.0","+8.0"
"257","","Adam Vinatieri","IND","K15","9","116","369","218.3","35.5","230.0","-27.0"
"258","","Tyler Boyd","CIN","WR91","9","91","307","231.1","61.4","391.0","+133.0"
"259","","Nick Vannett","SEA","TE30","7","152","312","224.7","48.3","355.0","+96.0"
"260","","Tyler Kroft","CIN","TE31","9","145","286","231.0","37.6","317.0","+57.0"
"261","","Alfred Morris","SF","RB75","11","140","309","223.4","46.9","341.0","+80.0"
"262","","Kai Forbath","FA","K16","","128","375","230.3","47.6","267.0","+5.0"
"263","","Jonathan Williams","NO","RB76","6","144","330","222.9","62.7","393.0","+130.0"
"264","","Cincinnati (CIN)","","DST20","9","107","339","225.0","37.6","326.0","+62.0"
"265","","Tre'Quan Smith","NO","WR92","6","135","315","236.6","55.5","265.0","0.0"
"266","","Lamar Jackson","BAL","QB31","10","153","534","249.8","84.5","214.0","-52.0"
"267","","Ameer Abdullah","DET","RB77","6","137","352","228.2","43.8","274.0","+7.0"
"268","","Dallas Goedert","PHI","TE32","9","159","310","222.6","47.0","254.0","-14.0"
"269","","Cleveland (CLE)","","DST21","11","114","382","258.6","73.5","294.0","+25.0"
"270","","Brandon McManus","DEN","K17","10","160","365","230.1","42.1","262.0","-8.0"
"271","","New York (NYG)","","DST22","9","168","359","224.9","39.6","292.0","+21.0"
"272","","Trent Taylor","SF","WR93","11","133","290","240.8","44.2","351.0","+79.0"
"273","","Ed Dickson","SEA","TE33","7","153","302","239.3","44.4","285.0","+12.0"
"274","","Josh Lambo","JAC","K18","9","162","377","233.4","46.9","260.0","-14.0"
"275","","Gerald Everett","LAR","TE34","12","169","349","237.7","42.7","290.0","+15.0"
"276","","John Kelly","LAR","RB78","12","159","314","258.3","49.7","279.0","+3.0"
"277","","Eric Decker","NE","WR94","11","141","284","226.6","32.2","209.0","-68.0"
"278","","Sam Darnold","NYJ","QB32","11","163","510","254.7","66.0","219.0","-59.0"
"279","","Josh Allen","BUF","QB33","11","172","523","250.5","81.2","270.0","-9.0"
"280","","Cairo Santos","NYJ","K19","11","166","388","253.2","60.6","321.0","+41.0"
"281","","Ka'imi Fairbairn","HOU","K20","10","167","392","254.2","57.0","250.0","-31.0"
"282","","Mack Hollins","PHI","WR95","9","135","370","251.4","58.2","414.0","+132.0"
"283","","Detroit (DET)","","DST23","6","167","376","260.4","55.9","271.0","-12.0"
"284","","Elijah McGuire","NYJ","RB79","11","158","410","255.0","47.0","293.0","+9.0"
"285","","Rod Smith","DAL","RB80","8","169","326","268.4","48.6","272.0","-13.0"
"286","","Antonio Gates","FA","TE35","","166","331","241.7","42.5","299.0","+13.0"
"287","","Jesse James","PIT","TE36","7","142","338","246.3","38.9","310.0","+23.0"
"288","","Kyle Juszczyk","SF","RB81","11","160","346","255.6","53.8","",""
"289","","Adam Shaheen","CHI","TE37","5","160","275","229.5","35.5","308.0","+19.0"
"290","","Taylor Gabriel","CHI","WR96","5","123","292","250.0","39.6","296.0","+6.0"
"291","","James Conner","PIT","RB82","7","168","335","256.6","49.1","222.0","-69.0"
"292","","Steven Hauschka","BUF","K21","11","164","395","264.2","64.1","287.0","-5.0"
"293","","Keke Coutee","HOU","WR97","10","123","397","262.9","61.8","300.0","+7.0"
"294","","Chester Rogers","IND","WR98","9","162","303","251.2","43.8","337.0","+43.0"
"295","","Josh McCown","NYJ","QB34","11","180","319","243.0","38.8","313.0","+18.0"
"296","","Antonio Callaway","CLE","WR99","11","129","345","247.6","49.5","255.0","-41.0"
"297","","Jonathan Stewart","NYG","RB83","9","178","302","243.6","35.6","240.0","-57.0"
"298","","Equanimeous St. Brown","GB","WR100","7","127","382","269.9","62.3","380.0","+82.0"
"299","","Buffalo (BUF)","","DST24","11","163","374","249.8","49.9","295.0","-4.0"
"300","","Charles Sims","TB","RB84","5","171","350","259.6","47.7","309.0","+9.0"
"301","","Tavon Austin","DAL","WR101","8","165","327","257.2","45.8","242.0","-59.0"
"302","","Daniel Carlson","MIN","K22","10","179","391","249.0","55.3","229.0","-73.0"
"303","","Travis Benjamin","LAC","WR102","8","155","311","251.6","41.6","305.0","+2.0"
"304","","C.J. Fiedorowicz","FA","TE38","","161","248","209.0","39.1","",""
"305","","Jeremy Maclin","FA","WR103","","141","296","251.6","43.9","301.0","-4.0"
"306","","Blake Jarwin","DAL","TE39","8","145","339","247.2","47.3","322.0","+16.0"
"307","","Dallas (DAL)","","DST25","8","168","381","264.4","57.6","269.0","-38.0"
"308","","Garrett Celek","SF","TE40","11","152","340","269.8","45.3","370.0","+62.0"
"309","","Josh Hill","NO","TE41","6","176","329","245.3","56.4","",""
"310","","Brice Butler","ARI","WR104","9","164","322","257.5","35.5","357.0","+47.0"
"311","","D.J. Chark","JAC","WR105","9","160","428","262.8","69.5","278.0","-33.0"
"312","","Jonnu Smith","TEN","TE42","8","161","327","269.9","44.5","314.0","+2.0"
"313","","Washington (WAS)","","DST26","4","179","380","276.6","56.6","238.0","-75.0"
"314","","Teddy Bridgewater","NYJ","QB35","11","175","412","258.4","69.7","311.0","-3.0"
"315","","Kenny Britt","NE","WR106","11","165","319","269.4","34.9","354.0","+39.0"
"316","","Virgil Green","LAC","TE43","8","171","300","241.4","35.3","297.0","-19.0"
"317","","Stephen Anderson","HOU","TE44","10","183","297","253.6","32.2","259.0","-58.0"
"318","","Tampa Bay (TB)","","DST27","5","185","378","265.7","57.6","336.0","+18.0"
"319","","Nick Boyle","BAL","TE45","10","170","337","254.7","68.2","",""
"320","","Adam Humphries","TB","WR107","5","171","335","258.4","52.2","364.0","+44.0"
"321","","DeAndre Washington","OAK","RB85","7","171","405","283.3","49.7","334.0","+13.0"
"322","","San Francisco (SF)","","DST28","11","181","379","284.8","58.6","331.0","+9.0"
"323","","Jakeem Grant","MIA","WR108","11","172","343","275.3","74.2","406.0","+83.0"
"324","","Blair Walsh","FA","K23","","174","320","251.6","49.0","",""
"325","","Oakland (OAK)","","DST29","7","188","385","273.2","82.4","320.0","-5.0"
"326","","Miami (MIA)","","DST30","11","187","384","288.8","83.7","",""
"327","","Phil Dawson","ARI","K24","9","178","390","282.8","58.3","368.0","+41.0"
"328","","Jaylen Samuels","PIT","TE46","7","183","360","263.2","56.4","280.0","-48.0"
"329","","Josh Rosen","ARI","QB36","9","184","329","276.6","43.5","218.0","-111.0"
"330","","Robert Turbin","IND","RB86","9","184","407","299.1","53.4","340.0","+10.0"
"331","","Mark Walton","CIN","RB87","9","184","483","313.6","67.9","347.0","+16.0"
"332","","Ryan Fitzpatrick","TB","QB37","5","186","524","308.4","97.9","330.0","-2.0"
"333","","Jaron Brown","SEA","WR109","7","187","295","255.8","25.6","349.0","+16.0"
"334","","Zay Jones","BUF","WR110","11","187","298","257.2","27.7","303.0","-31.0"
"335","","J.J. Nelson","ARI","WR111","9","193","308","261.0","36.4","359.0","+24.0"
"336","","De'Angelo Henderson","DEN","RB88","10","190","329","281.4","41.5","306.0","-30.0"
"337","","Curtis Samuel","CAR","WR112","4","191","325","268.3","37.7","352.0","+15.0"
"338","","Baker Mayfield","CLE","QB38","11","192","525","281.2","68.3","208.0","-130.0"
"339","","Jordan Akins","HOU","TE47","10","192","306","252.5","42.0","369.0","+30.0"
"340","","Joe Williams","SF","RB89","11","193","348","263.1","35.5","333.0","-7.0"
"341","","Kendall Wright","MIN","WR113","10","195","309","268.5","31.6","389.0","+48.0"
"342","","Nick Foles","PHI","QB39","9","195","526","332.2","107.9","277.0","-65.0"
"343","","Ryan Griffin","HOU","TE48","10","196","318","250.8","40.2","289.0","-54.0"
"344","","Chad Williams","ARI","WR114","9","197","376","269.3","43.2","378.0","+34.0"
"345","","Cody Latimer","NYG","WR115","9","198","307","253.3","38.6","356.0","+11.0"
"346","","Tyler Higbee","LAR","TE49","12","199","354","266.5","42.6","416.0","+70.0"
"347","","Jalen Richard","OAK","RB90","7","199","356","274.7","40.8","339.0","-8.0"
"348","","Kevin White","CHI","WR116","5","205","372","263.3","43.3","286.0","-62.0"
"349","","Bruce Ellington","HOU","WR117","10","235","310","268.8","29.1","",""
"350","","Daurice Fountain","IND","WR118","9","213","328","270.5","57.5","",""
"351","","Caleb Sturgis","LAC","K25","8","202","396","270.9","49.8","",""
"352","","Malcolm Mitchell","FA","WR119","","260","282","271.0","11.0","307.0","-45.0"
"353","","New York (NYJ)","","DST31","11","207","383","273.1","70.0","",""
"354","","Torrey Smith","CAR","WR120","4","209","340","274.4","32.1","346.0","-8.0"
"355","","Jeremy McNichols","SF","RB91","11","217","333","275.0","58.0","422.0","+67.0"
"356","","Wendell Smallwood","PHI","RB92","9","272","278","275.0","3.0","",""
"357","","J.D. McKissic","SEA","RB93","7","274","276","275.0","1.0","361.0","+4.0"
"358","","Cordarrelle Patterson","NE","WR121","11","260","312","277.8","18.8","318.0","-40.0"
"359","","Mark Andrews","BAL","TE50","10","206","335","278.0","43.0","324.0","-35.0"
"360","","Clive Walford","NYJ","TE51","11","227","314","278.6","34.9","",""
"361","","Jordan Leggett","NYJ","TE52","11","225","342","284.3","47.8","",""
"362","","Chris Herndon IV","NYJ","TE53","11","265","334","285.0","25.7","407.0","+45.0"
"363","","Michael Roberts","DET","TE54","6","276","294","285.0","9.0","376.0","+13.0"
"364","","Laquon Treadwell","MIN","WR122","10","235","344","285.3","41.6","375.0","+11.0"
"365","","Ryan Switzer","OAK","WR123","7","226","388","286.5","57.0","402.0","+37.0"
"366","","Mike Gillislee","NE","RB94","11","237","364","287.5","36.4","358.0","-8.0"
"367","","Seth Roberts","OAK","WR124","7","224","361","288.4","50.7","399.0","+32.0"
"368","","Jermaine Gresham","ARI","TE55","9","260","350","289.8","32.9","",""
"369","","Braedon Bowman","LAC","TE56","8","278","305","291.5","13.5","",""
"370","","Dustin Hopkins","WAS","K26","4","204","397","293.3","53.4","343.0","-27.0"
"371","","Josh Malone","CIN","WR125","9","243","344","293.5","50.5","",""
"372","","Breshad Perriman","BAL","WR126","10","243","324","295.0","36.9","",""
"373","","Nick O'Leary","BUF","TE57","11","272","333","295.0","27.1","",""
"374","","Chris Conley","KC","WR127","12","239","351","296.1","38.9","",""
"375","","Jeremy Kerley","BUF","WR128","11","230","331","296.5","39.5","",""
"376","","Dalton Schultz","DAL","TE58","8","270","323","296.5","26.5","",""
"377","","J'Mon Moore","GB","WR129","7","202","378","296.8","59.3","319.0","-58.0"
"378","","AJ McCarron","BUF","QB40","11","255","326","296.9","23.8","338.0","-40.0"
"379","","Alfred Blue","HOU","RB95","10","245","373","297.7","38.3","403.0","+24.0"
"380","","Keith Smith","OAK","RB96","7","273","327","298.0","22.3","",""
"381","","Mike Davis","SEA","RB97","7","234","332","298.6","30.1","",""
"382","","Demarcus Robinson","KC","WR130","12","267","337","299.0","28.9","",""
"383","","Andre Holmes","BUF","WR131","11","285","316","300.5","15.5","",""
"384","","Marquez Valdes-Scantling","GB","WR132","7","238","384","301.0","57.2","397.0","+13.0"
"385","","Kapri Bibbs","WAS","RB98","4","268","335","301.5","33.5","315.0","-70.0"
"386","","Terrance West","NO","RB99","6","249","368","301.5","31.4","410.0","+24.0"
"387","","Tajae Sharpe","TEN","WR133","8","292","312","302.0","10.0","425.0","+38.0"
"388","","Pharoh Cooper","LAR","WR134","12","249","358","303.5","54.5","373.0","-15.0"
"389","","Jeff Heuerman","DEN","TE59","10","281","324","306.3","16.2","382.0","-7.0"
"390","","Cameron Artis-Payne","CAR","RB100","4","219","405","308.0","65.8","304.0","-86.0"
"391","","Niles Paul","JAC","TE60","9","298","319","308.5","10.5","",""
"392","","Kamar Aiken","PHI","WR135","9","267","334","308.7","29.7","",""
"393","","Demetrius Harris","KC","TE61","12","288","325","308.7","15.4","",""
"394","","Josh Reynolds","LAR","WR136","12","280","353","309.0","30.9","",""
"395","","Amara Darboh","SEA","WR137","7","291","328","309.3","15.1","",""
"396","","Travaris Cadet","BUF","RB101","11","269","355","310.6","23.4","353.0","-43.0"
"397","","Brandon LaFell","FA","WR138","","268","408","310.9","49.4","345.0","-52.0"
"398","","Jacquizz Rodgers","TB","RB102","5","219","420","311.6","50.9","342.0","-56.0"
"399","","Cody Parkey","CHI","K27","5","209","399","313.8","48.0","",""
"400","","Orleans Darkwa","FA","RB103","","236","409","315.2","44.8","348.0","-52.0"
"401","","Charcandrick West","KC","RB104","12","254","465","316.8","78.0","428.0","+27.0"
"402","","Chris Moore","BAL","WR139","10","284","350","317.0","33.0","",""
"403","","Marcedes Lewis","GB","TE62","7","295","343","317.0","20.5","429.0","+26.0"
"404","","Seth DeValve","CLE","TE63","11","301","334","317.5","16.5","",""
"405","","Carlos Henderson","DEN","WR140","10","275","348","317.7","31.1","",""
"406","","Thomas Rawls","NYJ","RB105","11","232","503","317.8","66.9","419.0","+13.0"
"407","","Justin Jackson","LAC","RB106","8","242","481","318.0","53.4","329.0","-78.0"
"408","","Benny Cunningham","CHI","RB107","5","288","346","320.3","24.1","",""
"409","","Sebastian Janikowski","SEA","K28","7","290","393","320.8","42.5","",""
"410","","Logan Paulsen","ATL","TE64","8","310","332","321.0","11.0","",""
"411","","Indianapolis (IND)","","DST32","9","219","386","322.0","73.5","",""
"412","","Roger Lewis","NYG","WR141","9","287","379","322.7","40.3","",""
"413","","Dwayne Allen","NE","TE65","11","319","330","324.5","5.5","366.0","-47.0"
"414","","TJ Jones","DET","WR142","6","228","403","324.7","72.6","",""
"415","","Chandler Catanzaro","TB","K29","5","277","394","325.9","32.3","",""
"416","","Derek Carrier","OAK","TE66","7","318","340","329.0","11.0","",""
"417","","Ito Smith","ATL","RB108","8","229","482","338.5","91.2","344.0","-73.0"
"418","","Shane Vereen","NO","RB109","6","267","509","338.8","99.9","",""
"419","","Rashard Higgins","CLE","WR143","11","337","341","339.0","2.0","",""
"420","","Bo Scarbrough","DAL","RB110","8","225","513","339.4","95.4","276.0","-144.0"
"421","","Boston Scott","NO","RB111","6","272","492","340.5","64.0","374.0","-47.0"
"422","","Giorgio Tavecchio","FA","K30","","284","398","341.0","57.0","",""
"423","","Jarius Wright","CAR","WR144","4","339","348","343.5","4.5","",""
"424","","Aldrick Rosas","NYG","K31","9","287","401","344.0","57.0","",""
"425","","Rhett Ellison","NYG","TE67","9","338","354","346.0","8.0","",""
"426","","Rico Gathers","DAL","TE68","8","291","414","347.0","39.3","261.0","-165.0"
"427","","Darrius Heyward-Bey","PIT","WR145","7","294","401","347.5","53.5","",""
"428","","Akrum Wadley","TEN","RB112","8","233","467","350.0","117.0","",""
"429","","Jacoby Brissett","IND","QB41","9","251","532","350.8","95.8","332.0","-97.0"
"430","","Damien Williams","KC","RB113","12","258","463","351.3","84.7","",""
"431","","Phillip Dorsett","NE","WR146","11","233","490","354.7","105.4","328.0","-103.0"
"432","","Justin Hardy","ATL","WR147","8","311","406","358.5","47.5","",""
"433","","Jacob Hollister","NE","TE69","11","344","373","358.5","14.5","",""
"434","","Malcolm Brown","LAR","RB114","12","293","432","359.3","56.9","394.0","-40.0"
"435","","DaeSean Hamilton","DEN","WR148","10","342","395","360.7","24.3","316.0","-119.0"
"436","","Braxton Miller","HOU","WR149","10","343","383","363.0","20.0","432.0","-4.0"
"437","","Levine Toilolo","DET","TE70","6","341","391","366.0","25.0","",""
"438","","D.J. Foster","ARI","RB115","9","334","491","393.0","69.8","",""
"439","","Eli Rogers","PIT","WR150","7","345","447","396.0","51.0","",""
"440","","Mack Brown","MIN","RB116","10","404","415","409.5","5.5","",""
"441","","ArDarius Stewart","NYJ","WR151","11","346","495","420.5","74.5","",""
"442","","Trey Edmunds","NO","RB117","6","345","507","426.0","81.0","",""
"443","","David Fluellen","TEN","RB118","8","413","487","450.0","37.0","",""
""
""